date,open,high,low,close,volume
9/30/2022,75.61741045,76.16470032,75.25254822,75.25254822,5079137
10/3/2022,75.25254787,75.45322245,73.88431973,74.61404419,2403446
10/4/2022,75.43497406,79.79506683,74.79647038,79.79506683,1599630
10/5/2022,79.44844669,81.76531386,78.9193968,80.19641113,1321304
10/6/2022,81.82003589,85.46864408,81.4916606,82.75043488,2217065
10/7/2022,82.75044379,84.84838955,81.82004471,84.02745819,880174
10/10/2022,83.37070454,83.75380675,79.61263532,79.63088226,846094
10/11/2022,79.33899921,79.33899921,75.25255441,76.25592041,1123986
10/12/2022,77.31400984,79.46668924,76.83968688,79.21128082,9901667
10/13/2022,78.86468005,80.2693953,78.00725474,79.01062775,428569
10/14/2022,80.25114479,82.40381734,78.97413045,79.81330872,429830
10/17/2022,80.63424965,82.85989611,80.26938741,82.36734009,339747
10/18/2022,83.55313518,84.72068881,82.67746995,84.02745819,409208
10/19/2022,84.10042375,85.21325046,83.40719314,85.15852356,370590
10/20/2022,85.19501204,86.41729258,84.84838977,85.74230194,310989
10/21/2022,85.28622557,87.63957977,84.02745811,87.63957977,501026
10/24/2022,89.02604059,89.93819266,86.08890981,87.20173645,550487
10/25/2022,87.38417542,90.3030594,87.12876698,89.39090729,460671
10/26/2022,90.06590066,90.99629974,88.66118553,90.99629974,269652
10/27/2022,90.75913673,91.26082318,88.49699639,90.54022217,433145
10/28/2022,88.66118744,92.21858226,86.9828308,91.14224243,560826
10/31/2022,92.12735759,96.68811787,92.03614378,94.40773773,588243
11/1/2022,95.77596926,97.37223542,94.0428789,94.81820679,452231
11/2/2022,95.73035886,95.77596925,92.40100931,93.67801666,489465
11/3/2022,92.12735708,92.2185709,88.71591036,90.41251373,452700
11/4/2022,91.21521759,93.49559803,90.04766392,91.21521759,361874
11/7/2022,90.30306541,93.44998764,90.30306541,91.21521759,333079
11/8/2022,92.4922293,92.67465694,90.1206351,90.94156647,246929
11/9/2022,91.12399498,92.94829915,89.9746814,92.53782654,239631
11/10/2022,93.44998119,93.49559158,91.08751056,92.49222565,366895
11/11/2022,93.44997825,95.09185479,90.75913239,90.75913239,424886
11/14/2022,92.12736818,93.49559642,91.35204023,91.89933014,193391
11/15/2022,92.12736206,95.9583981,92.12736206,95.77597046,340962
11/16/2022,95.73036007,97.0073744,94.4533527,95.77597046,408578
11/17/2022,97.09858822,97.55466427,95.45671862,96.91616058,310967
11/18/2022,97.60027127,98.3299957,95.95839476,97.64588165,242920
11/21/2022,98.32999291,99.83503821,97.87391689,99.33335876,239185
11/22/2022,99.69822761,102.2978597,99.47018958,100.975235,352650
11/23/2022,100.382337,100.7928027,97.09858404,98.46681213,361428
11/24/2022,98.6492554,99.19654529,97.73710326,97.9651413,139609
11/25/2022,98.64925404,99.33336814,97.69149152,97.82831573,177693
11/28/2022,97.05298479,97.05298479,94.54456652,95.77597046,246088
11/29/2022,96.23204534,97.55466308,95.50232088,97.09858704,184455
11/30/2022,97.46345611,99.24215698,97.18981464,99.24215698,1875288
12/1/2022,99.15093181,99.15093181,96.96177231,98.19317627,394158
12/2/2022,98.19317338,98.64924942,96.87054868,97.60027313,202643
12/5/2022,98.46682451,98.60364873,95.73036799,96.41448212,314934
12/6/2022,97.14419861,97.87392307,95.45671862,95.77597046,256994
12/7/2022,95.59354434,97.50906239,94.86381986,96.23204803,254065
12/8/2022,96.68811795,96.68811795,91.58006783,92.4466095,463136
12/9/2022,92.85708788,93.03951552,91.06926362,92.49222565,290889
12/12/2022,92.12736692,94.40774729,91.67129085,93.22194672,240855
12/13/2022,93.31316575,96.23204978,93.17634154,94.72699738,256470
12/14/2022,94.27092086,94.36213468,92.492227,92.62905121,200140
12/15/2022,92.58344153,93.99728012,88.73415841,89.15374756,513009
12/16/2022,89.93819892,90.72265031,84.81190838,85.41392517,3615659
12/19/2022,86.96457814,89.57333371,86.92809818,88.36929321,453553
12/20/2022,86.92809809,87.56660177,84.44704326,84.75717163,428456
12/21/2022,84.84838685,86.16188812,83.73556711,86.16188812,333290
12/22/2022,86.65444978,87.01931201,83.00584137,83.80853271,322635
12/23/2022,83.93623741,84.83,83.29773369,84.02745819,204385
12/27/2022,85.06731148,87.67606719,84.70244923,86.12540436,250908
12/28/2022,86.67268643,87.05579559,84.39230626,84.7936554,307152
12/29/2022,84.70244287,87.05579692,84.44704141,87.01931,187746
12/30/2022,87.11052859,87.11052859,85.74230039,86.42641449,116065
1/2/2023,87.01930746,87.93145952,86.42640723,87.06491089,189008
1/3/2023,87.29294695,88.52435777,85.97032928,85.97032928,465823
1/4/2023,86.79127944,87.15614169,85.19501316,86.70006561,448572
1/5/2023,87.01931152,87.520991,86.28958706,87.47538757,310572
1/6/2023,87.56660003,87.61221042,85.51425784,87.33856201,325291
1/9/2023,87.74902789,91.48885701,86.47202054,91.0783844,480397
1/10/2023,90.94156021,92.76586438,89.84698049,92.21857452,469619
1/11/2023,92.85708921,94.2253174,91.67128866,93.76924133,521883
1/12/2023,93.67802648,96.50570382,93.22195039,95.59355164,559626
1/13/2023,95.59355164,95.59355164,95.59355164,95.59355164,0
1/16/2023,96.04962647,96.50570255,92.309797,94.31653595,479892
1/17/2023,94.31652866,97.2354126,93.58680419,97.2354126,573345
1/18/2023,96.68812428,97.05298652,95.3198961,95.41110992,366354
1/19/2023,94.77260793,95.8671877,93.31316591,95.04624939,452507
1/20/2023,96.14083148,96.14083148,92.40100931,93.67801666,500706
1/23/2023,94.31652815,95.41110788,94.04287974,95.13746643,279689
1/24/2023,95.04624874,95.86718705,92.67465461,93.76924133,389089
1/25/2023,93.40437656,95.13746694,92.76586591,94.95503235,412194
1/26/2023,95.046246,96.59690874,95.046246,95.77597046,465346
1/27/2023,95.77597046,95.77597046,95.77597046,95.77597046,0
1/30/2023,97.60027313,98.05634917,95.41110674,97.60027313,579698
1/31/2023,97.32663073,99.42458344,96.77934083,99.42458344,564704
2/1/2023,99.9718672,101.5225299,98.51242525,99.88065338,574512
2/2/2023,100.9752345,108.0900236,100.701593,107.9988098,875608
2/3/2023,105.6272209,106.6305869,103.8029166,104.623848,548902
2/6/2023,103.0731892,104.2589897,100.6103812,101.4313126,473779
2/7/2023,101.8873899,103.5292666,100.5191617,102.7083282,261116
2/8/2023,103.5292691,104.8974973,101.4313163,103.8029175,402401
2/9/2023,104.5326277,105.1711383,103.9853378,104.4414139,375664
2/10/2023,103.9853424,104.8974945,103.1644041,103.5292664,359651
2/13/2023,103.8029175,104.532635,102.1610408,103.8029175,224309
2/14/2023,104.532625,104.988701,103.2556107,104.1677628,271234
2/15/2023,104.2589954,105.0799267,103.6204847,104.8974991,210834
2/16/2023,105.0799159,105.4447781,102.5258942,104.8062744,249481
2/17/2023,104.4414232,104.7150717,103.073195,104.076561,316663
2/20/2023,104.7150623,104.9887037,103.9853378,104.4414139,157896
2/21/2023,103.9853436,104.7150681,102.9819777,103.3468399,180455
2/22/2023,102.6171142,103.8029148,101.5225345,103.5292664,267829
2/23/2023,103.8941213,104.7150596,102.9819693,104.1677628,232184
2/24/2023,104.3502111,104.3502111,100.6103885,100.7928162,536045
2/27/2023,102.3434579,103.711686,101.5225266,102.8907547,346989
2/28/2023,102.2522566,104.6238509,101.6137529,104.076561,426939
3/1/2023,104.3502019,104.7150642,103.0731876,103.2556152,273861
3/2/2023,102.6171129,103.2556166,102.069823,102.2522507,356562
3/3/2023,102.4346884,105.1711448,102.3434676,104.623848,519714
3/6/2023,104.3502092,105.1711475,104.0765607,104.8974991,395790
3/7/2023,104.6238461,107.086661,104.4414184,105.8096466,347210
3/8/2023,105.4447828,107.9988115,105.353569,107.6339493,407705
3/9/2023,107.3603024,107.7251647,104.5326322,105.8096466,520674
3/10/2023,103.8029195,104.076561,101.7961806,104.076561,603948
3/13/2023,104.0765466,106.4481405,97.78269612,99.33335876,666452
3/14/2023,100.7928143,104.8974991,99.51579991,104.8974991,767053
3/15/2023,104.8974975,106.4481534,102.0698272,102.9819794,618461
3/16/2023,104.8062759,105.9008557,102.5258957,105.262352,423757
3/17/2023,105.8096453,106.7217974,102.8907613,104.5326309,1214764
3/20/2023,102.161034,103.7116897,101.1576681,102.7995377,375139
3/21/2023,104.4414139,104.7150623,103.5292618,104.4414139,399084
3/22/2023,104.8974898,107.3602976,104.6238414,105.262352,411365
3/23/2023,105.0799147,105.6272115,103.4380451,104.9887009,281331
3/24/2023,104.897496,105.353572,101.8873911,102.5259018,425194
3/27/2023,104.0765535,106.6305822,104.0765535,105.5359955,344569
3/28/2023,106.1745024,106.35693,105.2623503,105.6272125,146398
3/29/2023,106.6305845,107.4515228,105.3535702,107.4515228,394331
3/30/2023,107.8163738,108.5460983,106.3569319,106.7217941,347775
3/31/2023,106.9954456,107.6339493,105.9008589,107.6339493,332958
4/3/2023,107.6339478,108.4092756,106.9042233,107.1778717,238364
4/4/2023,107.405908,107.8619841,107.0866562,107.5427322,272589
4/5/2023,107.7251599,107.7251599,106.7674044,107.5427322,331991
4/6/2023,107.1322596,107.7251599,106.4481456,107.5427322,160040
4/11/2023,108.318063,109.2302151,107.9075973,108.1356354,205350
4/12/2023,108.3636785,109.5494721,108.1812439,108.1812439,267911
4/13/2023,108.2724482,108.7741346,107.8163722,108.2268448,201078
4/14/2023,108.6829254,109.1390015,108.0900252,108.4548874,205994
4/17/2023,109.0021712,109.1389954,106.7674015,106.9498291,335952
4/18/2023,107.4971205,107.7707689,105.8552509,106.2657166,262772
4/19/2023,106.0832906,106.0832906,104.8062763,105.900856,207570
4/20/2023,105.855251,105.855251,102.0242081,103.1643982,384768
4/21/2023,103.8941331,105.216751,103.6660951,104.8974991,317729
4/24/2023,104.760673,105.5816113,104.0309555,104.9431076,157787
4/25/2023,104.6238461,105.1711429,104.0309528,104.6694565,177181
4/26/2023,104.2133791,105.0343174,103.7116926,104.5326309,230911
4/27/2023,104.7606703,105.3079602,103.0275799,103.5292664,263064
4/28/2023,104.3958048,104.3958048,101.2944933,103.4380493,332324
5/2/2023,104.1221592,104.1677626,100.5647648,100.7471924,355503
5/3/2023,101.8417837,101.8417837,97.91952683,100.975235,536553
5/4/2023,102.890763,102.9363665,100.3367343,101.8873901,377643
5/5/2023,102.3890765,105.3535709,102.3890765,105.3079605,388325
5/8/2023,105.2623478,105.2623478,102.6171055,103.7116852,275774
5/9/2023,103.9853397,104.8518814,102.7083254,103.2556152,254158
5/10/2023,103.666089,104.6238446,103.3468372,104.2133789,242344
5/11/2023,104.1221607,105.399175,103.5748708,104.3045883,243515
5/12/2023,104.3045883,104.3045883,104.3045883,104.3045883,0
5/15/2023,105.6272173,105.8552553,104.7606686,105.034317,241680
5/16/2023,104.8974911,104.8974911,102.5715005,103.1187973,227637
5/17/2023,102.8451446,102.9363584,102.206641,102.3890686,260589
5/18/2023,102.9363587,105.3991735,102.8907553,104.9887009,289506
5/19/2023,105.8552538,108.2724513,105.6728192,107.9988098,458710
5/22/2023,108.3180545,109.8687101,107.9988026,109.7774963,333841
5/23/2023,109.8687101,110.1879689,108.7285201,109.7774963,237142
5/24/2023,108.7285278,108.7285278,104.3958054,105.5359955,323666
5/25/2023,106.0376802,106.5393666,104.4870244,104.7606659,220270
5/26/2023,105.3991737,108.0444092,105.2623495,107.5883331,201763
5/29/2023,108.5461048,108.8197533,106.6305867,106.9042282,140355
5/30/2023,107.041046,108.0444119,106.4481457,106.7217941,163556
5/31/2023,105.9008542,107.6339445,104.9430987,105.9464645,855104
6/1/2023,107.1778684,107.1778684,104.7150606,105.9464645,254524
6/2/2023,106.7674076,108.0900253,105.6728208,107.6339493,247854
6/5/2023,107.3602992,108.4548859,106.7217955,107.9988098,244396
6/6/2023,107.6795562,108.1356323,105.5359933,106.0832901,229895
6/7/2023,106.3569382,107.6339525,105.9008621,106.5849762,183837
6/8/2023,105.9464721,108.1356386,105.6728237,107.0866623,156671
6/9/2023,107.4515235,107.6795616,106.3113334,106.4481506,183817
6/12/2023,107.451522,108.4548879,107.0866598,107.1322632,173532
6/13/2023,107.8619875,108.7285292,107.3146976,107.9532013,333155
6/14/2023,108.0444088,109.6406749,106.7674015,106.9498291,459165
6/15/2023,106.9498333,107.0866575,103.0731869,104.2589874,494162
6/16/2023,104.6694456,105.9008495,103.8485074,104.5782318,733760
6/19/2023,104.3502048,104.3958083,103.4836561,103.8485184,160645
6/20/2023,103.6660939,103.6660939,102.115431,102.4802933,228620
6/21/2023,102.6171114,102.9819736,101.2944936,101.7961731,203835
6/22/2023,101.2488889,101.3857131,99.01411888,100.3823471,278410
6/23/2023,100.3823489,100.4735627,98.87729645,98.87729645,309855
6/26/2023,99.51579591,100.0174824,98.1931781,99.28775787,256845
6/27/2023,99.78943799,99.83504142,97.73709583,98.28438568,283316
6/28/2023,98.8772937,100.2455219,98.3300038,99.74383545,253078
6/29/2023,100.4895665,103.9880537,100.3975023,103.3896332,379901
6/30/2023,103.942023,104.9087072,102.9753317,104.7245789,322740
7/3/2023,105.8753987,107.164318,104.5404508,104.632515,284376
7/4/2023,104.4944141,105.4611053,103.4816943,105.1388702,180288
7/5/2023,104.4944156,105.2309429,103.2054963,104.2642517,237927
7/6/2023,103.849957,103.849957,100.2133631,100.8578262,294268
7/7/2023,100.397497,101.6403807,99.2466775,101.5943451,247272
7/10/2023,101.7324512,103.1594703,100.8578311,102.3769073,220788
7/11/2023,103.2054971,103.8499602,102.330877,103.6658249,273215
7/12/2023,104.1261509,105.6452341,102.9753313,105.0928421,270861
7/13/2023,105.4150775,106.3817688,104.1721937,105.3230133,199183
7/14/2023,105.4150767,105.7373048,104.7706205,105.599205,150511
7/17/2023,104.6785426,105.5071341,103.0673952,105.184906,200851
7/18/2023,105.5531645,105.5531645,103.6197891,103.6197891,197994
7/19/2023,104.0340881,104.7706155,103.6658245,104.0340881,190588
7/20/2023,103.8039247,104.4944165,103.4816967,103.5277252,145196
7/21/2023,103.4816984,104.1721901,102.3769073,102.3769073,278759
7/24/2023,102.192779,103.1594703,101.7784868,102.6991425,255335
7/25/2023,103.1594631,103.8039192,101.5022802,102.1927719,273189
7/26/2023,102.1927825,102.1927825,98.23396021,100.0752716,604215
7/27/2023,100.7657543,101.7324455,99.89113427,101.1340179,479049
7/28/2023,101.2721147,103.7118534,100.581623,103.3435898,358413
7/31/2023,103.1594703,103.6658267,102.2848432,102.3769073,266562
8/1/2023,102.4689773,103.711861,100.9959226,103.4816971,315612
8/2/2023,102.0546762,104.5864792,101.41022,104.5864792,353797
8/3/2023,103.9880563,104.4023556,100.9498968,101.5022888,320772
8/4/2023,102.1927802,102.6070725,100.995925,101.7324524,183600
8/7/2023,101.2721198,101.3641839,98.69428119,99.61493683,282975
8/8/2023,99.20064732,100.3514669,96.99107233,97.77362823,574078
8/9/2023,97.95775793,98.4641143,96.71487427,96.71487427,318196
8/10/2023,97.31329403,98.23394963,96.85296623,96.99106598,290921
8/11/2023,96.76090281,97.4974301,96.02438254,96.39263916,225376
8/14/2023,95.88629107,96.668847,95.01166395,96.25455475,197450
8/15/2023,96.20851217,96.62280439,94.87356433,95.47198486,166457
8/16/2023,95.37992781,96.53074742,95.19579948,95.97835541,148680
8/17/2023,95.24182073,96.89900365,95.01165682,95.88628387,200210
8/18/2023,95.24182322,95.37992298,92.34176358,93.99893951,466102
8/21/2023,93.8608401,95.195795,93.53861203,93.76877594,154361
8/22/2023,94.68943261,94.68943261,93.07828522,93.07828522,182070
8/23/2023,93.40051476,93.49258594,92.01032975,92.34176636,288345
8/24/2023,92.98622265,93.44655049,91.84461159,91.99191284,151933
8/25/2023,91.69730352,93.07828702,91.25539273,92.11160278,165064
8/28/2023,92.89415792,93.26242159,92.29573033,92.38779449,136725
8/29/2023,93.03225482,94.50530243,92.71001972,94.50530243,201601
8/30/2023,94.82753263,94.87356822,92.61795765,92.98622131,243046
8/31/2023,93.40051228,94.18307519,92.8481203,93.76877594,417224
9/1/2023,93.72274504,93.72274504,89.98487844,90.37155914,476292
9/4/2023,90.99759676,91.9919065,90.94235967,91.03442383,170763
9/5/2023,90.86870311,93.26241324,90.44520238,92.84811401,388852
9/6/2023,92.29572831,93.99893985,92.15762856,93.76877594,321633
9/7/2023,93.17034192,94.50529672,92.71,93.12431335,223764
9/8/2023,92.75605723,93.40051338,92.341765,93.26242065,237333
9/11/2023,93.81480518,94.32116154,92.80208545,92.84811401,218326
9/12/2023,93.17035093,93.26242211,92.02873986,92.20366669,316513
9/13/2023,92.02874039,93.95291441,91.14491179,91.73413086,384459
9/14/2023,91.8814346,91.8814346,88.62231283,89.56137848,719509
9/15/2023,90.35314801,91.45793202,88.99058154,91.23697662,819190
9/18/2023,91.2369728,91.2369728,88.19881339,88.60389709,359593
9/19/2023,88.75120677,89.83758072,86.79941425,87.75689697,784850
9/20/2023,87.90420616,88.43818111,86.92830638,87.13085175,486217
9/21/2023,86.32067238,86.65210896,84.03744336,85.3631897,523429
9/22/2023,85.60256927,86.19178835,84.46095115,85.58415222,472697
9/25/2023,85.14223385,85.6393817,84.00061584,85.62097168,346705
9/26/2023,85.52891182,85.52891182,82.60122655,82.69329071,506163
9/27/2023,82.69329354,83.30092967,80.63102677,80.96246338,478131
9/28/2023,80.57578262,81.33072,79.72878107,80.8888092,572613
9/29/2023,81.66215498,83.06155553,81.22024419,81.93835449,463788
10/2/2023,82.58280969,82.69329089,81.84628938,82.45391846,255367
10/3/2023,82.21455337,83.0063178,81.90152679,82.5091629,329217
10/4/2023,81.1281784,82.87741852,80.81515183,82.87741852,309426
10/5/2023,83.04313938,83.07996645,81.16500797,81.23865509,272044
10/6/2023,81.44119939,82.50916333,81.40437232,82.14089966,297685
10/9/2023,81.93835588,82.04883709,80.87039191,81.0177002,314420
10/10/2023,81.77263558,83.11679201,81.68057142,82.54598999,459568
10/11/2023,82.34344393,85.93399536,80.7783251,82.96949005,815784
10/12/2023,83.96379234,84.332056,82.9878996,83.22727203,399611
10/13/2023,83.15361739,84.71872917,82.98789909,83.41139984,459461
10/16/2023,83.77966369,83.98220905,82.36185315,83.17202759,254449
10/17/2023,83.17202625,84.18475307,82.87741673,84.09268188,217472
10/18/2023,84.05586164,85.16064559,83.66918094,84.29522705,355974
10/19/2023,83.33775269,85.32637242,82.96949603,84.05587006,419676
10/20/2023,83.37457514,83.50346637,81.64374501,82.04883575,466606
10/23/2023,82.61963104,82.84059344,80.02338255,81.03610229,382432
10/24/2023,81.23864952,81.31230365,79.67353778,80.00497437,471066
10/25/2023,81.51484913,82.12247818,78.51350985,79.65512085,543251
10/26/2023,78.25573143,78.25573143,76.10140055,76.89315796,656878
10/27/2023,76.54331376,77.50079653,75.38328562,75.60424805,562688
10/30/2023,75.93568303,76.96681289,75.6410735,76.65379333,443560
10/31/2023,77.27984038,77.29825041,75.40170194,75.99092102,401291
11/1/2023,76.5433135,76.9299872,75.69631195,75.69631195,339500
11/2/2023,76.59855188,79.91291804,75.9540957,79.80243683,613434
11/3/2023,81.12817846,83.57711883,81.10976141,82.98789978,761339
11/6/2023,83.31933616,84.09268353,82.63805294,83.15361786,0
11/7/2023,82.71170114,83.17202897,81.55168006,82.28820038,251323
11/8/2023,81.88311744,83.04313852,81.51485376,82.01200867,236758
11/9/2023,82.21455489,82.38027319,80.90721848,81.23865509,287231
11/10/2023,80.63101951,80.98086611,79.54464562,80.48371124,202743
11/13/2023,80.88880891,81.07293724,79.80243492,80.90721893,216516
11/14/2023,81.93835783,84.92128035,81.38596581,84.55301666,448503
11/15/2023,85.17906413,85.69463611,83.61395222,84.05587006,380909
11/16/2023,83.57711911,84.00061987,82.93266296,82.93266296,238313
11/17/2023,82.85900741,84.27681794,82.73011618,83.70600891,280445
11/20/2023,83.77966301,83.96379133,82.43550662,83.63235474,244095
11/21/2023,83.54029249,83.94538323,82.08566189,82.60122681,225162
11/22/2023,82.6012286,83.22727474,81.27548218,81.27548218,480369
11/23/2023,81.29389681,81.62533341,77.64809425,77.79540253,819054
11/24/2023,77.61127197,79.61830151,77.00363588,79.26844788,445411
11/27/2023,79.34210458,79.43416874,77.61127448,77.74016571,383290
11/28/2023,77.51920319,77.62968439,76.35918212,77.51920319,295851
11/29/2023,77.72174766,78.55033914,77.72174766,78.14524841,389779
11/30/2023,78.60557738,78.6608215,77.39031219,77.39031219,862836
12/1/2023,77.83223054,77.99794884,76.65379241,77.24301147,499090
12/4/2023,77.33507631,77.35348633,76.35918354,76.74585724,565694
12/5/2023,76.72743944,77.53762091,76.00932915,77.05887604,597410
12/6/2023,77.94271132,78.67923163,77.53762058,77.61127472,781860
12/7/2023,77.74016846,77.74016846,74.86772018,75.82520294,1134819
12/8/2023,75.82520106,77.39031288,75.4017003,76.92998505,590684
12/11/2023,77.15094181,77.55602549,75.62265015,75.62265015,547275
12/12/2023,76.04615103,76.28552345,75.10708541,75.34645081,675733
12/13/2023,75.93567808,76.32235176,74.81247711,74.81247711,587463
12/14/2023,76.5985444,76.8747439,74.57310486,74.57310486,1569733
12/15/2023,75.38327927,75.6226517,73.91023169,74.57310486,1222868
12/18/2023,74.75723339,74.92295168,73.50514118,74.40738678,444778
12/19/2023,74.16802271,74.62835058,73.52356652,74.05754852,466033
12/20/2023,74.00230408,74.9229598,73.81817574,74.00230408,425678
12/21/2023,73.6524504,74.14960529,73.32101381,73.9286499,397311
12/22/2023,73.83658656,74.26009437,73.56039405,73.72611237,285531
12/27/2023,74.05754103,74.37056057,73.68927738,73.74451447,234984
12/28/2023,73.76293967,73.94706801,73.56039429,73.56039429,260465
12/29/2023,73.63404843,73.81817677,73.56039429,73.56039429,185880
1/2/2024,73.61562324,74.70199716,73.24735958,73.74451447,391009
1/3/2024,73.67086285,74.09437064,71.71907735,72.10575104,714218
1/4/2024,72.32670738,72.80545226,71.55335999,71.55335999,470174
1/5/2024,71.44287985,71.60859816,69.91459507,70.61428833,671745
1/8/2024,70.70635203,70.96413447,70.22760719,70.87,295027
1/9/2024,71.31398775,71.86637975,70.61428747,71.35081482,449830
1/10/2024,71.16668672,72.36353488,71.01937844,71.18509674,414280
1/11/2024,71.82955261,72.34512456,70.87207689,71.20350647,564955
1/12/2024,71.18509153,71.3323998,68.86504248,69.5094986,950847
1/15/2024,69.69362963,69.7304567,66.71070731,67.70501709,819164
1/16/2024,67.13420784,67.96279933,66.69229707,67.87073517,684416
1/17/2024,66.96848845,68.93869093,66.83959722,68.62567139,738325
1/18/2024,68.95711534,69.27013492,68.57044163,68.64408875,610555
1/19/2024,69.23330908,69.27013616,67.77867835,67.92597961,662149
1/22/2024,68.12851894,68.45995554,66.39768883,66.83959961,636653
1/23/2024,67.11579666,69.14123623,66.82118714,68.51519012,530249
1/24/2024,69.76728864,70.09872525,69.14124247,69.36219788,466118
1/25/2024,69.2333014,69.27012847,67.6497796,68.11010742,398656
1/26/2024,68.01804036,71.33240649,68.01804036,70.41175079,721113
1/29/2024,70.33808826,70.65110779,69.69362513,70.65110779,337010
1/30/2024,71.68225122,71.77431538,70.24603062,71.55335999,498935
1/31/2024,71.81114067,73.26577828,71.51653114,72.84227753,531119
2/1/2024,72.63973227,73.43149669,72.4371869,72.45559692,529598
2/2/2024,73.41308295,77.09570572,73.35784586,75.49376678,1447927
2/5/2024,76.13822228,77.46396871,75.34645783,75.99092102,938004
2/6/2024,76.19346829,76.35918659,74.3153298,74.77565765,524184
2/7/2024,74.68358583,76.41441585,74.49945049,74.70199585,509581
2/8/2024,75.18074036,75.71471527,74.44421306,75.18074036,422598
2/9/2024,75.49376132,75.49376132,73.87340546,73.87340546,525780
2/12/2024,74.55469484,75.1070868,73.98388583,74.57310486,558560
2/13/2024,74.22325868,75.25438848,73.74451382,74.2416687,409980
2/14/2024,73.67086871,73.94706824,72.82386712,73.39467621,338846
2/15/2024,73.81816969,73.85499676,72.45559625,72.91592407,403033
2/16/2024,73.24736676,74.73883156,72.86069305,74.2232666,448676
2/19/2024,73.79975927,73.9286505,72.98957781,73.3210144,269118
2/20/2024,73.0632329,73.44990658,71.95844893,72.80545044,429484
2/21/2024,73.22895624,74.59152276,73.100065,74.4442215,497068
2/22/2024,75.03344041,76.21187859,74.35215715,74.72042084,676569
2/23/2024,75.401702,76.37759477,74.94137415,76.10140228,618363
2/26/2024,76.08297752,76.28552288,75.29121315,75.9540863,314732
2/27/2024,75.93568163,77.74016588,75.54900092,77.46396637,610436
2/28/2024,77.57444652,78.73446758,77.42713825,78.37,657826
2/29/2024,78.55033713,80.44688546,78.32938175,79.48940277,922768
3/1/2024,80.4284755,81.25706696,78.03477229,79.59988403,775244
3/4/2024,79.37893258,79.3973426,76.65379265,77.11412048,560794
3/5/2024,76.87474771,77.31666552,75.25439178,77.05887604,412234
3/6/2024,77.48238438,77.74016684,76.54331166,76.9484024,423021
3/7/2024,76.24869512,76.9852224,75.56741196,76.34075928,412274
3/8/2024,76.3960125,76.56173081,75.23598436,75.60424805,328748
3/11/2024,75.5305957,75.64107692,74.16802216,74.16802216,733958
3/12/2024,71.82955142,83.50346546,71.8111414,82.67488098,1942569
3/13/2024,81.23865057,82.96948765,78.80812028,79.1027298,1089346
3/14/2024,79.17638924,81.82787509,79.12115214,80.61260986,904871
3/15/2024,80.66785312,81.99359252,80.18910823,81.34913635,895293
3/18/2024,81.66215831,84.64508785,81.66215831,84.55301666,896916
3/19/2024,84.57142464,86.11812634,83.66917905,85.78668976,664495
3/20/2024,85.62097862,86.19178767,84.5714317,86.08130646,574114
3/21/2024,86.63369074,87.79371877,85.8050993,86.00764465,493523
3/22/2024,85.74986956,86.63369817,85.23430462,86.09971619,399010
3/25/2024,85.97081956,86.57845564,84.23998951,84.58983612,367368
3/26/2024,85.34477213,85.89717111,84.53459772,85.51049042,479735
3/27/2024,85.56574156,87.20450755,85.14224078,86.15496063,460990
3/28/2024,86.52321813,86.92830183,84.93968934,84.95809937,437623
4/2/2024,85.2895365,85.9155826,84.42411796,84.84762573,533852
4/3/2024,84.6266609,86.7625816,84.1663331,86.44956207,430576
4/4/2024,86.32067678,88.89850841,86.19178555,87.31497955,477590
4/5/2024,86.4679806,86.4679806,84.9949329,85.71304321,420128
4/8/2024,85.71303478,86.79940867,85.43684232,86.44956207,247029
4/9/2024,86.43115191,87.25974342,85.80510578,86.79941559,329061
4/10/2024,87.44387816,88.64072631,87.13085158,87.40705109,536526
4/11/2024,87.3518062,88.38294306,84.7923846,87.6832428,724073
4/12/2024,88.16199091,88.56707464,85.1054143,85.47367096,410108
4/15/2024,85.62097907,87.18609093,85.38160662,85.7498703,384044
4/16/2024,83.77966426,84.70031991,82.23296248,83.09838104,588040
4/17/2024,82.85900875,84.03744686,82.76694459,82.78535461,375717
4/18/2024,83.0615539,83.26409927,82.04883409,82.95107269,320266
4/19/2024,81.20182577,83.31933658,80.7046779,82.78535461,384848
4/22/2024,83.22727344,83.50346592,81.79104582,82.38027191,211388
4/23/2024,82.78535302,84.14792645,82.45391643,83.79807281,472265
4/24/2024,83.577117,85.38160119,83.20885334,84.12950897,470943
4/25/2024,83.94538371,84.01903785,81.79104581,82.34344482,443728
4/26/2024,82.95107346,83.87172912,81.71739825,82.67488098,762663
4/29/2024,81.42279186,82.36185758,78.9001902,80.35482788,1132820
4/30/2024,80.24435081,80.24435081,77.05887604,77.05887604,818181
5/2/2024,77.27983923,78.01635955,76.58013895,76.78268433,544362
5/3/2024,77.33507586,78.21890445,77.00363926,77.0772934,322089
5/6/2024,77.64809476,77.97953136,77.00363861,77.61127472,498469
5/7/2024,78.07160106,78.66082011,77.61127324,78.2741394,311761
5/8/2024,78.07159806,78.1084181,74.72041222,75.12549591,786496
5/9/2024,75.07025956,75.4937603,74.62834177,74.81247711,396761
5/10/2024,75.12549618,75.49375983,74.40738593,75.07025909,434617
5/13/2024,75.49376406,77.46396661,75.18074451,77.33507538,577557
5/14/2024,77.5928561,79.08432076,77.05887414,78.66082001,477722
5/15/2024,79.17638673,79.32369501,77.40872955,77.40872955,372046
5/16/2024,76.91157559,77.42714052,76.21187532,76.8563385,397992
5/17/2024,76.87474988,77.37190479,75.53059342,75.86203003,493824
5/20/2024,74.9781955,75.65947868,74.0759499,74.42579651,469607
5/21/2024,74.26008737,74.38897859,73.04481518,73.26577759,629399
5/22/2024,72.03209925,72.32670879,69.80411416,70.63270569,1826149
5/23/2024,70.85365501,71.20350161,69.61997986,69.61997986,745756
5/24/2024,69.15965929,69.89617964,69.04917808,69.52791595,503365
5/27/2024,69.87776151,70.19078104,69.32536955,69.8225174,431386
5/28/2024,70.06189052,70.24602585,69.43584442,69.43584442,688565
5/29/2024,69.32537294,69.4174371,67.24468921,67.59453583,1130524
5/30/2024,67.74184189,69.54632605,67.64977773,69.10440826,661671
5/31/2024,69.50949819,70.19078138,68.9939333,69.87776184,1163066
6/3/2024,70.98255189,71.99527173,70.4485699,71.00096893,600899
6/4/2024,71.31398163,71.40604579,70.17237066,70.26443481,534785
6/5/2024,70.87207925,71.12986173,69.7120511,69.73046112,514084
6/6/2024,70.31968024,70.66953391,69.43585161,69.8041153,552197
6/7/2024,69.93299927,70.5222183,68.86504242,69.39901733,528910
6/10/2024,69.57947435,69.99736415,68.57272303,69.90238953,914335
6/11/2024,69.99737032,70.13033626,69.25655804,69.9783783,566150
6/12/2024,69.46550558,69.80742005,67.14808686,68.7246933,1069706
6/13/2024,68.51574554,68.59172814,65.53349712,66.82517242,1250983
6/14/2024,66.95813913,67.28105433,65.72344714,67.07211304,836344
6/17/2024,67.62296663,67.85091444,66.16034137,66.52124786,561493
6/18/2024,66.52124786,66.52124786,66.52124786,66.52124786,0
6/19/2024,65.7994258,65.95139101,64.46975926,65.02062225,825703
6/20/2024,65.38152617,66.04636304,65.0206197,65.79942322,546677
6/21/2024,66.25531404,66.29330535,65.28655399,65.78043365,949791
6/24/2024,66.59723185,68.72469408,66.59723185,66.82517242,1243930
6/25/2024,66.86316052,68.04086186,66.78717792,67.54698944,513693
6/26/2024,67.54698944,67.54698944,67.54698944,67.54698944,0
6/27/2024,67.54698944,67.54698944,67.54698944,67.54698944,0
6/28/2024,66.69220354,67.034118,66.02736664,66.02736664,494740
7/1/2024,67.4520112,67.49000251,65.76143808,65.87541199,497157
7/2/2024,65.72344178,65.76143308,62.36129506,64.71669769,1392920
7/3/2024,65.03962514,66.80617363,64.96364254,65.49550629,713410
7/4/2024,65.93239071,66.92014278,65.2865531,66.29330444,616092
7/5/2024,66.44526649,68.40177147,66.27430925,67.58498383,738394
7/8/2024,67.43301945,69.19957518,67.43301945,68.64871216,499194
7/9/2024,68.2878019,68.93363953,67.66095631,68.93363953,449257
7/10/2024,69.35152899,72.20081133,69.35152899,71.45999908,1403973
7/11/2024,72.0488536,72.31478546,70.09234871,71.27005005,533111
7/12/2024,71.34603382,71.76392365,70.81416285,71.76392365,357752
7/15/2024,71.09909359,72.14382902,70.81416246,71.51699066,654043
7/16/2024,71.08009638,71.08009638,67.43301831,68.15483856,1099739
7/17/2024,67.9079001,68.87665297,67.22407113,68.45876312,379903
7/18/2024,68.85765741,70.8711529,68.62971685,69.75043488,610916
7/19/2024,69.14258591,69.14258591,67.6989455,68.00286865,603197
7/22/2024,68.38277715,69.71244371,68.07885398,68.99062347,494047
7/23/2024,65.53349242,66.55923578,63.7099535,65.47650909,1790950
7/24/2024,65.81842439,67.41402278,64.77368175,65.34354401,1010647
7/25/2024,64.29880114,66.02736545,63.80492873,65.53349304,867058
7/26/2024,65.53349354,67.24306584,65.43851892,66.35028839,535874
7/29/2024,66.80617019,67.35703319,65.89440071,66.02736664,367122
7/30/2024,66.36928296,66.5782315,65.68546126,65.95139313,239979
7/31/2024,66.48325826,66.48325826,65.66646336,66.25531769,292196
8/1/2024,66.29330541,67.01511838,64.94463959,65.40052795,531896
8/2/2024,65.47651287,65.55248823,64.52675205,65.19158173,391601
8/5/2024,63.88091027,64.27980804,62.22832134,64.27980804,820188
8/6/2024,64.6597171,64.96364027,62.66522087,63.17808533,613510
8/7/2024,63.48200702,64.4697591,63.17808386,63.91890335,467103
8/8/2024,63.55798963,63.6149802,62.76019405,63.25406647,419625
8/9/2024,63.34904279,63.67196523,62.6652211,62.98813629,447029
8/12/2024,62.98813629,62.98813629,62.98813629,62.98813629,0
8/13/2024,62.64621976,62.70320309,61.84842419,62.3422966,341203
8/14/2024,62.77918691,63.34904194,62.43727245,63.12110138,368071
8/15/2024,63.42502637,64.43177052,63.17808652,63.95689011,544041
8/16/2024,64.27981421,64.62172869,63.82392581,64.35579681,413951
8/19/2024,64.48875908,65.78043434,64.41277648,65.4575119,504364
8/20/2024,65.68546133,65.9134019,65.43852149,65.57148743,368077
8/21/2024,65.53349546,67.24306781,65.53349546,67.0911026,411611
8/22/2024,67.09109873,67.41402115,66.54023575,66.8061676,305046
8/23/2024,66.9581393,67.14808857,66.31230164,66.31230164,306004
8/26/2024,66.25531398,66.6732038,65.78043359,66.16033936,243145
8/27/2024,66.35028839,67.07210861,66.19832319,66.35028839,236942
8/28/2024,66.46426251,66.65421177,66.02736618,66.16033936,316353
8/29/2024,66.00837427,67.50899804,66.00837427,66.97712708,361267
8/30/2024,66.92014514,67.66095741,66.61622197,67.28105164,603999
9/2/2024,67.48999779,67.54698837,66.17933054,66.29330444,328595
9/3/2024,66.23631907,66.44526762,64.08986479,64.16584015,423978
9/4/2024,63.15909346,63.70995646,62.66522103,63.36804199,480835
9/5/2024,62.9691434,64.31780199,62.91215283,63.78593826,404250
9/6/2024,63.74794783,64.31780287,62.87416239,62.98813629,467430
9/9/2024,63.08311019,63.21607612,62.39928126,63.02612686,306504
9/10/2024,62.77918824,64.12784686,61.08861516,61.94340134,991504
9/11/2024,62.11435863,63.74794838,61.88641806,63.42502594,436957
9/12/2024,64.27981187,64.3367952,61.82942724,62.41828156,736536
9/13/2024,62.41828156,62.41828156,62.41828156,62.41828156,0
9/16/2024,63.72894881,64.73570019,63.38703434,63.99488068,292016
9/17/2024,64.35579227,65.457511,64.10885244,64.39378357,342144
9/18/2024,64.58373322,64.98263101,64.24181876,64.64071655,334519
9/19/2024,65.51450579,66.74919054,65.13460001,65.30555725,478172
9/20/2024,62.68421208,63.27306638,61.46851943,61.73445129,2036490
9/23/2024,61.73445308,63.36804284,60.48076909,63.2350769,782430
9/24/2024,64.58373777,65.74244716,64.3937885,64.6027298,950834
9/25/2024,64.35579121,65.57148383,64.05186806,64.71669769,381684
9/26/2024,66.27430579,68.76268163,66.08435653,67.92688751,1104607
9/27/2024,68.19282579,71.23205734,68.19282579,70.96612549,967411
9/30/2024,70.71918908,70.71918908,67.24306828,67.90789795,827102
10/1/2024,67.85091294,68.66770779,67.07210938,68.17,447580
10/2/2024,68.00286892,68.4777493,67.43301392,67.43301392,272773
10/3/2024,67.07211102,67.22406898,65.1345981,65.76143646,515755
10/4/2024,65.66646024,67.09110142,65.66646024,66.597229,375172
10/7/2024,67.49000033,67.69894886,66.38828157,67.4710083,284337
10/8/2024,67.4710083,67.4710083,67.4710083,67.4710083,0
10/9/2024,64.71669732,66.33128771,64.60272342,66.04636383,485816
10/10/2024,65.85641025,66.02736748,65.24856392,65.89440155,346636
10/11/2024,65.87540926,67.45200841,65.43852016,67.41402435,540559
10/14/2024,67.58497886,67.71794479,65.24856103,66.04636383,580870
10/15/2024,65.91340205,66.21732522,64.39378619,64.81167603,574468
10/16/2024,64.10885532,64.46976182,63.520001,63.95689011,472594
10/17/2024,63.91890511,64.56474275,63.19708487,63.27306747,414873
10/18/2024,63.63397356,65.72344442,63.63397356,63.93789673,690549
10/21/2024,63.91890302,64.83067249,63.50100596,64.2038269,314249
10/22/2024,63.86191509,64.71670127,63.36804265,63.70995712,348114
10/23/2024,64.83067267,65.34354435,63.4060315,63.72894669,648500
10/24/2024,63.97589055,66.76818973,63.97589055,65.68546295,1029830
10/25/2024,65.51450653,67.69895213,64.90665292,66.74919128,934684
10/28/2024,66.48325474,66.88215253,62.76019421,63.44402313,1663342
10/29/2024,63.25406669,64.56474121,63.02612613,63.06411743,736244
10/30/2024,62.70320388,62.89316039,61.81043367,61.92440033,652524
10/31/2024,61.27856226,62.28531361,60.9746391,61.39253616,552637
11/1/2024,61.35454553,62.11435706,61.31655423,61.73445129,389367
11/4/2024,61.73445182,64.07086251,61.73445182,62.83617783,900704
11/5/2024,63.08311014,63.15909275,61.77244286,62.74119568,397916
11/6/2024,59.36005005,60.44277679,57.76445162,59.64497757,2154102
11/7/2024,59.75894705,62.77918665,59.75894705,62.11435699,1218003
11/8/2024,61.94339989,62.00038322,60.68971594,61.35454559,643862
11/11/2024,61.92439983,62.0193817,60.00588625,61.10760498,778606
11/12/2024,60.3667977,61.81043455,60.06287454,60.21483612,572587
11/13/2024,59.70196393,60.13885303,58.71421184,59.39804077,587538
11/14/2024,59.11311377,60.0818666,58.50526382,60.02488327,519819
11/15/2024,60.02488327,60.02488327,60.02488327,60.02488327,0
11/18/2024,60.02488327,60.02488327,60.02488327,60.02488327,0
11/19/2024,59.01813618,59.30306369,57.44153338,58.03038406,795858
11/20/2024,58.06837573,58.16335399,55.40904617,55.40904617,1856080
11/21/2024,55.10512194,55.18110092,52.7877069,54.34531403,1844125
11/22/2024,54.53526384,54.82019498,53.14861393,54.78220367,861902
11/25/2024,54.78220367,54.78220367,54.78220367,54.78220367,0
11/26/2024,55.71296916,56.26383217,54.57325545,55.88392639,679454
11/27/2024,55.71296843,56.07387854,54.89617356,55.92191696,397605
11/28/2024,55.92191696,55.92191696,55.92191696,55.92191696,0
11/29/2024,55.80794302,56.32081472,55.42804088,56.11186981,447688
12/2/2024,55.84593574,56.83368787,55.40904663,56.22584152,387006
12/3/2024,56.3208155,56.87167851,55.56100757,55.88392639,471562
12/4/2024,55.86493155,56.81469238,55.76995692,55.94091415,416289
12/5/2024,55.97890172,56.18785026,55.18110248,56.03588867,615534
12/6/2024,55.94091243,57.36555363,55.78895085,56.39679718,632372
12/9/2024,57.40354207,58.35330288,56.75770443,58.03038406,649219
12/10/2024,58.03038406,58.03038406,58.03038406,58.03038406,0
12/11/2024,58.31531462,58.50526388,57.78344727,57.78344727,426858
12/12/2024,57.78344807,58.20134153,56.92866189,57.84043503,456156
12/13/2024,57.78344811,58.50526474,57.46052929,57.65048218,430141
12/16/2024,56.89067408,57.2135929,55.23808868,56.26383209,694825
12/17/2024,56.26383209,56.26383209,56.26383209,56.26383209,0
12/18/2024,56.85268282,56.98564875,55.94091331,56.07387924,540816
12/19/2024,55.27607925,57.25157983,55.14311332,55.82693863,564216
12/20/2024,55.37105319,55.693972,54.99115105,55.67497635,716822
12/23/2024,55.61799175,55.71296638,54.28832523,55.08612442,370332
12/27/2024,54.89617152,55.54200913,54.72521429,55.27607727,399337
12/30/2024,55.0101431,55.4850235,54.72521559,55.4850235,0
1/2/2025,55.27607881,55.59899763,54.30732237,55.29507446,458181
1/3/2025,55.35205647,55.84593251,54.30732107,54.42129135,349476
1/6/2025,55.08612612,59.01813524,54.87717759,56.68172455,1301676
1/7/2025,56.56775388,58.20133998,56.22583942,57.82143784,474800
1/8/2025,57.82143784,57.82143784,57.82143784,57.82143784,0
1/9/2025,56.45377894,56.81468904,56.05488115,56.56775284,281177
1/10/2025,56.32081476,57.042635,54.78220328,55.92191696,677385
1/13/2025,56.45377964,58.04937804,56.45377964,56.71971512,692029
1/14/2025,57.08062079,58.18234314,56.49177013,56.66272736,410110
1/15/2025,57.19459492,58.20133902,56.32081312,58.04937744,582527
1/16/2025,58.4862733,59.13210732,57.89741898,57.89741898,431694
1/17/2025,57.89741898,57.89741898,57.89741898,57.89741898,0
1/20/2025,57.89741898,57.89741898,57.89741898,57.89741898,0
1/21/2025,57.89741898,57.89741898,57.89741898,57.89741898,0
1/22/2025,56.26383179,57.15660565,55.92191732,56.83368683,1038351
1/23/2025,56.70072159,56.98564911,56.09287524,56.98564911,530416
1/24/2025,56.98564911,56.98564911,56.98564911,56.98564911,0
1/27/2025,58.94215661,60.08186667,58.61923779,59.64497757,519800
1/28/2025,59.56899676,60.13885178,58.52425774,58.61923599,422023
1/29/2025,58.82818333,58.94215724,57.95440512,58.31531525,380073
1/30/2025,58.35330343,59.05612803,57.93540997,58.94215775,430140
1/31/2025,59.0751222,59.47402,58.54325485,58.54325485,426756
2/3/2025,56.13086158,56.89067312,55.27607904,56.4917717,958196
2/4/2025,56.35880711,57.30856793,55.95990569,56.98564911,555589
2/5/2025,56.62473921,56.94765804,55.20009798,56.32081604,643760
2/6/2025,56.35880643,56.94765711,55.76995574,56.83368683,605113
2/7/2025,54.06038273,55.21909206,52.31282634,52.76871109,3591480
2/10/2025,52.76871109,52.76871109,52.76871109,52.76871109,0
2/11/2025,53.22459417,53.45253473,52.57875656,52.84468842,1079180
2/12/2025,52.92067285,53.16760907,52.21784827,52.29383087,1376055
2/13/2025,52.23684523,54.8581835,52.23684523,54.64923859,2068530
2/14/2025,54.74421334,55.12411912,53.96540975,54.07938004,844053
2/17/2025,54.19335367,55.01014494,54.04139209,54.93416595,486824
2/18/2025,54.93416595,54.93416595,54.93416595,54.93416595,0
2/19/2025,54.99115228,55.02913996,53.77545598,54.40229797,787342
2/20/2025,53.81344587,54.57325377,53.75645892,54.28832626,428933
2/21/2025,54.28832626,54.28832626,54.28832626,54.28832626,0
2/24/2025,55.84593338,56.96665139,55.59899717,56.33980942,742115
2/25/2025,55.78895005,56.90966444,55.7699544,56.33980942,432148
2/26/2025,56.47277538,57.57449774,55.94091166,56.14985657,586813
2/27/2025,54.7442126,55.01014446,53.75646048,54.11737061,1188770
2/28/2025,53.7564585,53.94641138,53.28157812,53.56650925,977098
3/3/2025,53.18660401,55.61799292,52.9016765,54.19335175,1130774
3/4/2025,53.47153115,53.73746663,50.90717632,51.04014587,1565246
3/5/2025,52.90167825,53.16761012,51.21110153,51.21110153,1286723
3/6/2025,51.7809584,52.65473658,51.42004829,52.04689026,1188538
3/7/2025,51.85693876,53.1676097,51.53401994,52.35081482,815344
3/10/2025,53.37655808,55.0101442,53.05363926,54.97215652,1405696
3/11/2025,55.08612718,55.80794381,53.54751568,54.02239609,1116734
3/12/2025,52.12287506,52.50277722,50.71722947,52.40780258,2440953
3/13/2025,52.08488403,52.67373473,50.86919133,51.55301666,741122
3/14/2025,51.32507415,51.51502703,50.56526624,50.81220245,1171502
3/17/2025,50.81220245,50.81220245,50.81220245,50.81220245,0
3/18/2025,51.66698995,52.86368699,51.45804141,51.49603271,859007
3/19/2025,51.30607902,51.98990796,50.88818557,51.43904495,768677
3/20/2025,51.36306745,51.53402107,49.12163131,49.69148636,1355577
3/21/2025,49.48253716,49.76746831,48.70373358,49.34957123,1455034
3/24/2025,49.34957123,49.34957123,49.34957123,49.34957123,0
3/25/2025,49.61550703,49.61550703,48.41880636,48.77971649,664254
3/26/2025,49.15961837,49.15961837,47.40256231,47.48804092,1199140
3/27/2025,45.49354245,46.53827785,44.78122187,46.24385071,2287992
3/28/2025,45.98741517,46.77571836,45.00916273,45.48404312,1309734
3/31/2025,44.82871102,44.90469,43.33758684,43.64151001,1342293
4/1/2025,44.06890043,44.16387506,43.03366107,43.34708023,1242443
4/2/2025,42.77722535,44.04040527,42.26435367,44.04040527,1503764
4/3/2025,42.63476035,44.63875615,42.63476035,42.71074295,1457035
4/4/2025,42.90069191,43.33758461,40.72574251,41.03916168,1905408
4/7/2025,39.32009975,43.59402348,38.39883059,40.66875839,2820794
4/8/2025,41.53304021,41.70399745,40.2318689,40.54528809,1383412
4/9/2025,39.12064524,41.42856422,38.84521736,40.0229187,1966627
4/10/2025,44.25885035,44.44880323,40.20337506,40.6592598,2031776
4/11/2025,41.0486623,41.59002565,40.08940187,41.40956879,851905
4/14/2025,42.03641221,42.23586473,41.65651006,41.99842453,818136
4/15/2025,41.99842453,41.99842453,41.99842453,41.99842453,0
4/16/2025,41.21961836,41.70399475,40.73523834,41.70399475,631163
4/17/2025,41.65651017,41.91294603,40.8492113,41.42856598,641700
4/22/2025,42.03641233,42.50179672,41.04866383,42.50179672,545398
4/23/2025,43.07165207,44.06890384,42.77722853,43.60351944,1015970
4/24/2025,43.63200974,44.42031294,43.21411629,44.37282562,619841
4/25/2025,44.53428206,45.00916245,44.47729874,44.47729874,774731
4/28/2025,44.7527265,45.1896192,44.44880334,44.57227325,495927
4/29/2025,44.57227325,44.57227325,44.57227325,44.57227325,0
4/30/2025,42.26435601,43.81246714,41.45706077,41.87495422,837320
5/2/2025,42.26435526,43.06215447,41.97942775,42.70124435,681279
5/5/2025,42.73923712,43.3565831,42.28335236,43.10014725,444731
5/6/2025,42.98617248,43.03366342,41.55203526,42.15988159,666537
5/7/2025,42.41631777,43.69849341,42.32134313,43.26160431,836506
5/8/2025,43.68899501,44.82870865,43.34708056,44.82870865,901585
5/9/2025,44.99016895,45.12313488,44.50579252,44.74323273,451789
5/12/2025,45.61700947,47.20311187,45.08514575,45.41756058,1186042
5/13/2025,46.1678726,46.19636427,45.53153099,45.92093277,690477
5/14/2025,45.92093277,45.92093277,45.92093277,45.92093277,0
5/15/2025,45.16112389,45.37007242,44.4393073,44.7622261,511120
5/16/2025,44.7622261,44.7622261,44.7622261,44.7622261,0
5/19/2025,44.06890075,44.23035834,43.32808489,43.3755722,568443
5/20/2025,43.73648491,44.52478813,43.20462117,43.85995483,729990
5/21/2025,43.61301503,43.84095922,42.97667702,43.67000198,944309
5/22/2025,44.24000168,44.36999893,43.22999954,44,1158639
5/23/2025,43.97000122,43.97000122,41.50999832,42.27000046,1334145
5/26/2025,43.33000183,43.36000061,42.52999878,42.95999908,511724
5/27/2025,43.04000092,43.31000137,42.47000122,42.47000122,548236
5/28/2025,42.54999924,43.45000076,42.15000153,42.75,856976
5/29/2025,43.45000076,43.84000015,43.00999832,43.36999893,698614
5/30/2025,43.13999939,43.27000046,42.45999908,42.45999908,1166171
6/2/2025,42.06999969,42.29999924,41.36999893,41.43999863,744966
6/3/2025,41.45000076,41.65999985,40.79999924,41.59000015,632269
6/4/2025,41.68000031,42.04999924,41.40000153,41.88999939,585606
6/5/2025,41.88999939,41.88999939,41.88999939,41.88999939,0
6/6/2025,41.88999939,41.88999939,41.88999939,41.88999939,0
6/9/2025,41.88999939,41.88999939,41.88999939,41.88999939,0
6/10/2025,41.63999939,42.74000168,41.22999954,42.61999893,829963
6/11/2025,43.47000122,43.5,42.50999832,42.75999832,854902
6/12/2025,42.38000107,42.70000076,41.93999863,42.47000122,369289
6/13/2025,41.49000168,41.68999863,41.20000076,41.38999939,769591
6/16/2025,40.59999847,41.70000076,40.56999969,41.22000122,759758
6/17/2025,40.97000122,41.72000122,40.88000107,41,670626
6/18/2025,41,41.40000153,40.54999924,41,536910
6/19/2025,40.5,41.29000092,40.5,40.77000046,417572
6/20/2025,41.15000153,41.95000076,41.02999878,41.16999817,1130440
6/23/2025,41.16999817,41.16999817,41.16999817,41.16999817,0
6/24/2025,41.54999924,42.02999878,40.84000015,40.88999939,481062
6/25/2025,40.97999954,41,39.72000122,39.72000122,1034072
6/26/2025,40,40.38000107,39.58000183,39.66999817,767777
6/27/2025,40.36999893,42.84000015,40.13000107,42.68999863,1829194
6/30/2025,43,43.15000153,41.93999863,41.93999863,782821
7/1/2025,41.54000092,42.29999924,40.93999863,42.29999924,874681
7/2/2025,42.75,43.72000122,42.36000061,43.22000122,945000
7/3/2025,43.65000153,43.79999924,43.00999832,43.11000061,382292
7/4/2025,42.75999832,42.93999863,42.27999878,42.68999863,431132
7/7/2025,42.47000122,42.63000107,42.09000015,42.38999939,400840
7/8/2025,42.25,44.11999893,41.93999863,43.86999893,1087666
7/9/2025,44.11000061,44.11000061,42.47000122,43.20999908,1053330
7/10/2025,43.20999908,44.47000122,43.13000107,44.31000137,929360
7/11/2025,44.31000137,44.31000137,44.31000137,44.31000137,0
7/14/2025,42.61999893,43.11000061,42.33000183,42.75,760975
7/15/2025,43.04999924,43.75,43,43.38000107,441839
7/16/2025,43.38000107,43.38000107,43.38000107,43.38000107,0
7/17/2025,42.43999863,42.99000168,41.77999878,41.97000122,649536
7/18/2025,41.88999939,42.34000015,41.52000046,41.56000137,1011902
7/21/2025,41.5,41.93000031,41.20000076,41.81999969,476485
7/22/2025,41.77999878,41.86000061,41.25999832,41.34999847,383174
7/23/2025,41.34999847,41.34999847,41.34999847,41.34999847,0
7/24/2025,45.5,45.52000046,44.24000168,44.31999969,822128
7/25/2025,43.70000076,45.95000076,43.31999969,45.95000076,1378762
7/28/2025,47.77999878,47.79999924,43.81999969,44.06999969,1886557
7/29/2025,44.00999832,44.45000076,42.97000122,43.29999924,1096965
7/30/2025,44.5,45.06999969,43.83000183,44.02999878,1341112
7/31/2025,43.70000076,45.16999817,43.68999863,44.63999939,936768
8/1/2025,44.58000183,44.65999985,42.50999832,42.50999832,873376
8/4/2025,42.65999985,43.25999832,42.36999893,42.72000122,707124
8/5/2025,43,44.15999985,42.99000168,43.79000092,733168
8/6/2025,44.06000137,45.45999908,43.90999985,44.68000031,683715
8/7/2025,44.68000031,44.68000031,44.68000031,44.68000031,0
8/8/2025,45.61999893,46.27999878,45.33000183,45.91999817,545257
8/11/2025,46.20000076,46.47999954,45.34000015,45.41999817,388223
8/12/2025,45.41999817,45.41999817,45.41999817,45.41999817,0
8/13/2025,45.43000031,45.65999985,45.04000092,45.56000137,273807
8/14/2025,45.56000137,45.56000137,45.56000137,45.56000137,0
8/15/2025,46.08000183,46.45000076,45.88000107,45.88000107,401650
8/18/2025,45.54000092,45.93000031,45.08000183,45.5,357907
8/19/2025,45.61999893,47.43000031,45.61999893,47.29999924,673119
8/20/2025,47.06000137,47.13999939,46.47000122,46.56999969,324985
8/21/2025,46.5,46.61999893,46,46.54999924,460022
8/22/2025,46.59999847,47.18999863,46.59000015,46.99000168,349562
8/25/2025,47.18999863,47.18999863,46.18000031,46.45999908,316745
8/26/2025,46.27000046,47.02000046,46.09999847,46.09999847,522840
8/27/2025,46.27999878,47.83000183,46.24000168,46.40000153,593584
8/28/2025,46.61000061,47.68999863,46.31999969,46.31999969,480342
8/29/2025,46.18999863,46.75999832,45.34999847,45.34999847,441874
9/1/2025,45.5,45.75,45.31999969,45.52000046,266609
9/2/2025,45.47999954,45.63999939,44.49000168,44.52000046,480864
9/3/2025,44.61999893,44.90999985,44.36999893,44.52999878,391833
9/4/2025,44.06999969,44.81000137,43.88999939,44.06000137,414856
9/5/2025,44.43999863,44.66999817,43.91999817,44.06000137,396885
9/8/2025,44.06000137,44.06000137,44.06000137,44.06000137,0
9/9/2025,43.25,43.79999924,42.59999847,43.38999939,616326
9/10/2025,43.27000046,43.34000015,42.24000168,42.83000183,533376
9/11/2025,42.65999985,43.36000061,42.24000168,43.20999908,999374
9/12/2025,43.33000183,43.5,42.84999847,43.5,453560
9/15/2025,43.70000076,44.40000153,43.65999985,44.29000092,652059
9/16/2025,44.5,45.40000153,44.02999878,44.22999954,600051
9/17/2025,44.22999954,44.84999847,43.58000183,43.88999939,488396
9/18/2025,43.72999954,44.43000031,43.63000107,43.88999939,441814
9/19/2025,43.74000168,44.56000137,43.02999878,43.66999817,5032763
9/22/2025,43.66999817,43.66999817,43.66999817,43.66999817,0
9/23/2025,41,41.90000153,40.95999908,41.45000076,871188
9/24/2025,40.90000153,43.04000092,40.65999985,42.34999847,1071734
9/25/2025,42.34999847,43.22999954,42.13999939,42.36999893,734402
9/26/2025,42.56999969,43.04999924,42.45999908,42.52999878,570769
9/29/2025,42.72000122,42.97000122,42.11000061,42.27000046,704819
9/30/2025,42.27000046,42.27000046,42.27000046,42.27000046,0
10/1/2025,41.08000183,41.84000015,41.02999878,41.27999878,571888
10/2/2025,41.79000092,43.06999969,41.72999954,42.79000092,732978
10/3/2025,43.06999969,43.15999985,42.43999863,42.70000076,360312
10/6/2025,42.70000076,42.70000076,42.70000076,42.70000076,0
10/7/2025,43.47999954,43.5,42.75,43.16999817,376014
10/8/2025,43.16999817,43.16999817,43.16999817,43.16999817,0
10/9/2025,42.52000046,42.72000122,41.38000107,41.52999878,795429
10/10/2025,42.34999847,42.34999847,40.61000061,40.74000168,523910
10/13/2025,40.86000061,41.59000015,40.84000015,40.86000061,463197
10/14/2025,40.79999924,41.13999939,40.27999878,40.40000153,641965
10/15/2025,40.81999969,41.5,40.66999817,41.11000061,494429
10/16/2025,41.29000092,42.02999878,41.25999832,41.61000061,0
10/17/2025,41.79999924,42.83000183,41,42.29000092,952834
10/20/2025,42.38999939,43.04000092,42.06000137,43.04000092,421144
10/21/2025,43.09999847,44.27000046,42.88999939,43.72000122,819479
10/22/2025,43.52999878,43.65999985,42.90999985,43.49000168,588912
10/23/2025,43.27000046,45.5,43.22000122,45.5,1799070
10/24/2025,45.90999985,47.31000137,45.58000183,47.15999985,1737532
10/27/2025,48.25999832,49.25,47.36999893,48.56000137,2060766
10/28/2025,48.08000183,48.81000137,47.61999893,48.58000183,913183
10/29/2025,48.83000183,49.25999832,48.11999893,48.11999893,696737
10/30/2025,48.45000076,48.59999847,46.40999985,46.54000092,812085
10/31/2025,46.70000076,46.86999893,45.38999939,45.45000076,757123
11/3/2025,45.45000076,45.45000076,45.45000076,45.45000076,0
11/4/2025,45.50999832,45.74000168,44.47999954,44.65999985,599741
11/5/2025,44.65999985,44.65999985,44.65999985,44.65999985,0
11/6/2025,46.31000137,46.52999878,45.52999878,46,448561
11/7/2025,46,46,46,46,0
11/10/2025,46,46,46,46,0
11/11/2025,46,46,46,46,0
11/12/2025,47.40999985,48.20999908,46.70000076,46.70000076,449095
11/13/2025,46.70000076,46.70000076,46.70000076,46.70000076,0
11/14/2025,46.50999832,46.54000092,45.61000061,46.13000107,370714
11/17/2025,46.18000031,46.24000168,45.11000061,45.31999969,366957
11/18/2025,44.86000061,45.13999939,44.13000107,44.34999847,464257
11/19/2025,44.47999954,44.72000122,43.72000122,44.45000076,544834
11/20/2025,44.61999893,44.63000107,42.52999878,42.81999969,932738
11/21/2025,42.43000031,43.54999924,42.40000153,43.20999908,573440
11/24/2025,43.20999908,43.20999908,43.20999908,43.20999908,0
11/25/2025,43.59000015,43.97000122,43.16999817,43.70000076,396587
11/26/2025,43.70000076,43.70000076,43.70000076,43.70000076,0
11/27/2025,44,44.91999817,44,44.61999893,400480
11/28/2025,44.65000153,44.81000137,44.11999893,44.63999939,301465
12/1/2025,44.56000137,44.90999985,43.77000046,44.11000061,673548
12/2/2025,44.08000183,44.72000122,43.81000137,43.90999985,324446
12/3/2025,43.81000137,45.27000046,43.79999924,44.88999939,587841
12/4/2025,45.04999924,47.20000076,44.93000031,46.84000015,893247
12/5/2025,47,48.11999893,46.84000015,47.88999939,594182
12/8/2025,47.5,47.88999939,47.24000168,47.49000168,421498
12/9/2025,47.79000092,47.84000015,46.43999863,46.99000168,498348
12/10/2025,46.63000107,47.06000137,45.59999847,45.95999908,452552
12/11/2025,46,46.45999908,45.04999924,46.29000092,626471
12/12/2025,46.29999924,47.56000137,46.29999924,46.90000153,556819
12/15/2025,46.90000153,46.90000153,46.90000153,46.90000153,0
12/16/2025,46,46.61999893,45.41999817,46.09999847,538473
12/17/2025,46.09999847,46.09999847,46.09999847,46.09999847,0
12/18/2025,46.09999847,46.09999847,46.09999847,46.09999847,0
12/19/2025,45.75,46.09000015,45.61000061,45.74000168,873820
12/22/2025,45.65999985,45.83000183,45.25999832,45.52000046,383936
12/23/2025,45.43999863,45.72999954,45.13000107,45.31000137,227485
12/29/2025,45,46.02000046,45,45.50999832,372144
12/30/2025,45.5,45.95999908,45.31999969,45.61999893,264693
1/2/2026,45.95999908,47.59999847,45.66999817,47.59999847,548040
1/5/2026,47.59999847,48.43999863,46.77999878,46.79999924,470653
1/6/2026,46.88999939,47.08000183,46.00999832,46.50999832,287082
1/7/2026,46.66999817,46.79000092,46.00999832,46.49000168,332302
1/8/2026,46.36000061,47.06000137,45.20999908,46.91999817,516885
1/9/2026,46.5,48.79000092,46.5,47.16999817,800671
1/12/2026,47.24000168,47.36000061,43.84000015,44.34000015,1512553
1/13/2026,44.34000015,44.56999969,43.38000107,43.38000107,872344
1/14/2026,43.41999817,44.50999832,43.13000107,43.59999847,665232
1/15/2026,43.40000153,43.58000183,42.45000076,42.66999817,644469
1/16/2026,42.75999832,42.99000168,42.02999878,42.20999908,893964
1/19/2026,40.83000183,41.18999863,40.13999939,41.08000183,1203000
1/20/2026,40.83000183,41.54000092,40.47999954,41.45999908,957172
1/21/2026,41.24000168,42.06000137,41.09999847,41.54000092,672403
1/22/2026,43.04999924,43.29999924,41.91999817,42.56000137,629394
1/23/2026,42.09000015,42.56000137,41.75,42.31999969,477324
1/26/2026,42.22000122,43.22000122,42.09000015,42.24000168,404902
1/27/2026,42.5,42.5,41.77000046,41.97999954,481456
1/28/2026,41.65999985,41.86000061,41.04000092,41.09999847,814616
1/29/2026,41.29999924,41.74000168,40.95999908,41.27999878,454222
1/30/2026,41,41.58000183,40.86999893,41.20999908,540447
2/2/2026,41.00999832,41.47000122,40.75999832,40.79000092,664612
2/3/2026,41,41.18999863,39.79999924,39.79999924,1095128
2/4/2026,40.27000046,41.59000015,40.13999939,41.20999908,757296
2/5/2026,41.16999817,41.20000076,39.99000168,40.70999908,992644
2/6/2026,40.47999954,40.50999832,39.15000153,39.68000031,1378508
2/9/2026,39.70999908,40.02999878,39.45000076,39.52999878,668604
2/10/2026,39.77000046,41.11000061,39.77000046,40.77000046,1051507
2/11/2026,40.81000137,41.5,40.47999954,41.18000031,489560
2/12/2026,41,41.5,40.75,41.15999985,544727
2/13/2026,41.09999847,42.15000153,40.88999939,41.79999924,524009
2/16/2026,41.74000168,41.90999985,41.34000015,41.66999817,260783
2/17/2026,41.68000031,42.13000107,41.41999817,41.61000061,249271
2/18/2026,41.79999924,42.34000015,41.52999878,42.29000092,317628
2/19/2026,42,42.40000153,41.13000107,41.70000076,402139
2/20/2026,41.40000153,43.04999924,41.40000153,42.34000015,893498
2/23/2026,42.16999817,42.36000061,40.95999908,41.16999817,761838
2/24/2026,41.20000076,42.22999954,41.18000031,41.54999924,712492
2/25/2026,41.49000168,41.84999847,41.02999878,41.31999969,411145
